tconst	titleType	primaryTitle	originalTitle	isAdult	startYear	endYear	runtimeMinutes	genres
tt0000001	short	Carmencita	Carmencita	0	1894	\N	1	Documentary,Short
tt0000002	short	Le clown et ses chiens	Le clown et ses chiens	0	1892	\N	5	Animation,Short
tt0000003	short	Pauvre Pierrot	Pauvre Pierrot	0	1892	\N	4	Animation,Comedy,Romance
tt0000004	short	Un bon bock	Un bon bock	0	1892	\N	12	Animation,Short
tt0000005	short	Blacksmith Scene	Blacksmith Scene	0	1893	\N	1	Comedy,Short
tt0000006	short	Chinese Opium Den	Chinese Opium Den	0	1894	\N	1	Short
tt0000007	short	Corbett and Courtney Before the Kinetograph	Corbett and Courtney Before the Kinetograph	0	1894	\N	1	Short,Sport
tt0000008	short	Edison Kinetoscopic Record of a Sneeze	Edison Kinetoscopic Record of a Sneeze	0	1894	\N	1	Documentary,Short
tt0000009	short	Miss Jerry	Miss Jerry	0	1894	\N	40	Romance,Short
tt0000010	short	Leaving the Factory	La sortie de l'usine Lumiأ¨re أ  Lyon	0	1895	\N	1	Documentary,Short
tt0000011	short	Akrobatisches Potpourri	Akrobatisches Potpourri	0	1895	\N	1	Documentary,Short
tt0000012	short	The Arrival of a Train	L'arrivأ©e d'un train أ  La Ciotat	0	1896	\N	1	Documentary,Short
tt0000013	short	The Photographical Congress Arrives in Lyon	Neuville-sur-Saأ´ne: Dأ©barquement du congrأ¨s des photographes أ  Lyon	0	1895	\N	1	Documentary,Short
tt0000014	short	The Waterer Watered	L'arroseur arrosأ©	0	1895	\N	1	Comedy,Short
tt0000015	short	Autour d'une cabine	Autour d'une cabine	0	1894	\N	2	Animation,Short
tt0000016	short	Barque sortant du port	Barque sortant du port	0	1895	\N	1	Documentary,Short
tt0000017	short	Italienischer Bauerntanz	Italienischer Bauerntanz	0	1895	\N	1	Documentary,Short
tt0000018	short	Das boxende Kأ¤nguruh	Das boxende Kأ¤nguruh	0	1895	\N	1	Short
tt0000019	short	The Clown Barber	The Clown Barber	0	1898	\N	\N	Comedy,Short
tt0000020	short	The Derby 1895	The Derby 1895	0	1895	\N	1	Documentary,Short,Sport
tt0000022	short	Blacksmith Scene	Les forgerons	0	1895	\N	1	Documentary,Short
tt0000023	short	The Sea	Baignade en mer	0	1895	\N	1	Documentary,Short
tt0000024	short	Opening of the Kiel Canal	Opening of the Kiel Canal	0	1895	\N	\N	News,Short
tt0000025	short	The Oxford and Cambridge University Boat Race	The Oxford and Cambridge University Boat Race	0	1895	\N	\N	News,Short,Sport
tt0000026	short	The Messers. Lumiأ¨re at Cards	Partie d'أ©cartأ©	0	1896	\N	1	Documentary,Short
tt0000027	short	Cordeliers' Square in Lyon	Place des Cordeliers أ  Lyon	0	1895	\N	1	Documentary,Short
tt0000028	short	Fishing for Goldfish	La pأھche aux poissons rouges	0	1895	\N	1	Documentary,Short
tt0000029	short	Baby's Dinner	Repas de bأ©bأ©	0	1895	\N	1	Documentary,Short
tt0000030	short	Rough Sea at Dover	Rough Sea at Dover	0	1895	\N	1	Documentary,Short
tt0000031	short	Jumping the Blanket	Le saut أ  la couverture	0	1895	\N	1	Documentary,Short
tt0000032	short	Die Serpentintأ¤nzerin	Die Serpentintأ¤nzerin	0	1895	\N	1	Short
tt0000033	short	Trick Riding	La voltige	0	1895	\N	1	Comedy,Documentary,Short
tt0000034	short	Arrivأ©e d'un train gare de Vincennes	Arrivأ©e d'un train gare de Vincennes	0	1896	\N	1	Documentary,Short
tt0000035	short	Watering the Flowers	L'arroseur	0	1896	\N	1	Comedy,Short
tt0000036	short	Awakening of Rip	Awakening of Rip	0	1896	\N	0	Drama,Short
tt0000037	short	Sea Bathing	Baignade en mer	0	1896	\N	1	Short
tt0000038	short	The Ball Game	The Ball Game	0	1898	\N	\N	Documentary,Short,Sport
tt0000039	short	Barnet Horse Fair	Barnet Horse Fair	0	1896	\N	\N	Short
tt0000040	short	Barque sortant du port de Trouville	Barque sortant du port de Trouville	0	1896	\N	\N	Documentary,Short
tt0000041	short	Bataille de neige	Bataille de neige	0	1897	\N	1	Comedy,Documentary,Short
tt0000042	short	Bateau-mouche sur la Seine	Bateau-mouche sur la Seine	0	1896	\N	\N	Documentary,Short
tt0000043	short	Batteuse أ  vapeur	Batteuse أ  vapeur	0	1896	\N	\N	Documentary,Short
tt0000044	short	Le bivouac	Le bivouac	0	1896	\N	1	Short
tt0000045	short	Les blanchisseuses	Les blanchisseuses	0	1896	\N	\N	Short
tt0000046	short	Bois de Boulogne	Bois de Boulogne	0	1896	\N	\N	Documentary,Short
tt0000047	short	Boulevard des Italiens	Boulevard des Italiens	0	1896	\N	\N	Documentary,Short
tt0000048	short	The Boxing Kangaroo	The Boxing Kangaroo	0	1896	\N	\N	Short
tt0000049	short	Boxing Match; or, Glove Contest	Boxing Match; or, Glove Contest	0	1896	\N	\N	Short,Sport
tt0000050	short	Bأ©bأ© et fillettes	Bأ©bأ© et fillettes	0	1896	\N	\N	Documentary,Short
tt0000051	short	The Bohemian Encampment	Campement de bohأ©miens	0	1896	\N	\N	Documentary,Short
tt0000052	short	Carga de rurales	Carga de rurales	0	1896	\N	1	Documentary,Short
tt0000053	short	A Chegada do Comboio Inaugural أ  Estaأ§أ£o Central do Porto	A Chegada do Comboio Inaugural أ  Estaأ§أ£o Central do Porto	0	1897	\N	\N	Documentary,Short
tt0000054	short	A Merry-Go-Round	Les chevaux de bois	0	1896	\N	\N	Short
tt0000055	short	Le chiffonnier	Le chiffonnier	0	1896	\N	\N	Short
tt0000056	short	Uma Corrida de Touros no Campo Pequeno	Uma Corrida de Touros no Campo Pequeno	0	1896	\N	\N	Short
tt0000057	short	Cortأ¨ge de tzar allant أ  Versailles	Cortأ¨ge de tzar allant أ  Versailles	0	1896	\N	\N	Documentary,Short
tt0000058	short	Cortأ¨ge de tzar au Bois de Boulogne	Cortأ¨ge de tzar au Bois de Boulogne	0	1896	\N	\N	Documentary,Short
tt0000059	short	Coronation of a Village Maiden	Couronnement de la rosiأ¨re	0	1896	\N	\N	Short
tt0000060	short	Dancing Darkies	Dancing Darkies	0	1896	\N	\N	Documentary,Short
tt0000061	short	Dancing Girls	Dancing Girls	0	1896	\N	\N	Short
tt0000062	short	Danse serpentine	Danse serpentine	0	1896	\N	1	Short
tt0000063	short	Dessinateur express	Dessinateur express	0	1896	\N	\N	Short
tt0000064	short	Dessinateur: Chamberlain	Dessinateur: Chamberlain	0	1896	\N	\N	Short
tt0000065	short	Dessinateur: Reine Victoria	Dessinateur: Reine Victoria	0	1896	\N	\N	Short
tt0000066	short	Dessinateur: Von Bismark	Dessinateur: Von Bismark	0	1896	\N	\N	Short
tt0000067	short	Conjurer Making Ten Hats in Sixty Seconds	Dix chapeaux en 60 secondes	0	1896	\N	\N	Fantasy,Short
tt0000068	short	Unloading the Boat	Dأ©chargement de bateaux	0	1896	\N	\N	Documentary,Short
tt0000069	short	Post No Bills	Dأ©fense d'afficher	0	1896	\N	1	Short
tt0000070	short	Dأ©molition d'un mur	Dأ©molition d'un mur	0	1896	\N	1	Documentary,Short
tt0000071	short	Automobiles Starting a Race	Dأ©part des automobiles	0	1896	\N	\N	Short,Sport
tt0000072	short	Officers of French Army Leaving Service	Dأ©part des officiers	0	1896	\N	\N	Short
tt0000073	short	Effets de mer sur les rochers	Effets de mer sur les rochers	0	1896	\N	\N	Documentary,Short
tt0000074	short	Enfants jouant sur la plage	Enfants jouant sur la plage	0	1896	\N	\N	Documentary,Short
tt0000075	short	The Conjuring of a Woman at the House of Robert Houdin	Escamotage d'une dame au thأ©أ¢tre Robert Houdin	0	1896	\N	1	Horror,Short
tt0000076	short	Exit of Rip and the Dwarf	Exit of Rip and the Dwarf	0	1896	\N	1	Drama,Short
tt0000077	short	Le fakir, mystأ¨re indien	Le fakir, mystأ¨re indien	0	1896	\N	\N	Short
tt0000078	short	Feira de Gado na Corujeira	Feira de Gado na Corujeira	0	1896	\N	1	Documentary,Short
tt0000079	short	La gare Saint-Lazare	La gare Saint-Lazare	0	1896	\N	\N	Documentary,Short
tt0000080	short	Grandes manoeuvres	Grandes manoeuvres	0	1896	\N	\N	Documentary,Short
tt0000081	short	Towing a Boat on the River	Les haleurs de bateaux	0	1896	\N	\N	Documentary,Short
tt0000082	short	A Hard Wash	A Hard Wash	0	1896	\N	\N	Comedy,Short
tt0000083	short	Les indiscrets	Les indiscrets	0	1896	\N	\N	Short
tt0000084	short	Les ivrognes	Les ivrognes	0	1896	\N	\N	Short
tt0000085	short	Gardener Burning Weeds	Jardinier brأ»lant des herbes	0	1896	\N	\N	Short
tt0000086	short	Beach and Pier at Trouville, 1st part	Jetأ©e et plage de Trouville (1er partie)	0	1896	\N	\N	Documentary,Short
tt0000087	short	Beach and Pier at Trouville, 2nd part	Jetأ©e et plage de Trouville (2e partie)	0	1896	\N	\N	Documentary,Short
tt0000088	short	Market Day	Jour de marchأ© أ  Trouville	0	1896	\N	\N	Documentary,Short
tt0000089	short	Leaving Jerusalem by Railway	Dأ©part de Jأ©rusalem en chemin de fer	0	1897	\N	1	Documentary,Short
tt0000090	short	Libأ©ration des territoriaux	Libأ©ration des territoriaux	0	1896	\N	\N	Documentary,Short
tt0000091	short	The House of the Devil	Le manoir du diable	0	1896	\N	3	Horror,Short
tt0000092	short	Marأ©e montante sur Brise-Larmes	Marأ©e montante sur Brise-Larmes	0	1896	\N	\N	Documentary,Short
tt0000093	short	Melbourne	Melbourne	0	1896	\N	\N	Documentary,Short
tt0000094	short	Miss de Vere	Miss de Vere	0	1896	\N	\N	Short
tt0000095	short	The Mysterious Paper	Le papier protأ©e	0	1896	\N	\N	Short
tt0000096	short	Place Saint-Augustin	Place Saint-Augustin	0	1896	\N	\N	Documentary,Short
tt0000097	short	Place de l'Opأ©ra, First View	Place de l'Opأ©ra, 1er aspect	0	1896	\N	\N	Documentary,Short
tt0000098	short	Place de l'Opأ©ra, Second View	Place de l'Opأ©ra, 2e aspect	0	1896	\N	\N	Documentary,Short
tt0000099	short	Place de la Bastille	Place de la Bastille	0	1896	\N	\N	Documentary,Short
tt0000100	short	Place de la Concorde	Place de la Concorde	0	1896	\N	\N	Documentary,Short
tt0000101	short	Place du thأ©أ¢tre franأ§ais	Place du thأ©أ¢tre franأ§ais	0	1896	\N	\N	Documentary,Short
tt0000102	short	The Beach at Villiers in a Gale	Plage de Villiers par gros temps	0	1896	\N	\N	Short
tt0000103	short	Smarter than the Teacher	Plus fort que le maأ®tre	0	1896	\N	\N	Short
tt0000104	short	Pompiers أ  Lyon	Pompiers أ  Lyon	0	1896	\N	1	Documentary,Short
tt0000105	short	The Docks at Marseilles	Les quais أ  Marseille	0	1896	\N	\N	Documentary,Short
tt0000106	short	Retour au cantonnement	Retour au cantonnement	0	1896	\N	\N	Short
tt0000107	short	Naval Review at Cherburg	Revue navale أ  Cherbourg	0	1896	\N	\N	Documentary,Short
tt0000108	short	Rip Leaving Sleepy Hollow	Rip Leaving Sleepy Hollow	0	1896	\N	1	Drama,Short
tt0000109	short	Rip Meeting the Dwarf	Rip Meeting the Dwarf	0	1896	\N	1	Fantasy,Short
tt0000110	short	Rip Passing Over the Mountain	Rip Passing Over the Mountain	0	1896	\N	1	Fantasy,Short
tt0000111	short	Rip's Toast	Rip's Toast	0	1896	\N	1	Drama,Short
tt0000112	short	Rip's Toast to Hudson	Rip's Toast to Hudson	0	1896	\N	1	Fantasy,Short
tt0000113	short	Rip's Twenty Years' Sleep	Rip's Twenty Years' Sleep	0	1896	\N	0	Drama,Short
tt0000114	short	French Regiment Going to the Parade	Le rأ©giment	0	1896	\N	\N	Documentary,Short
tt0000115	short	Rأ©union d'officiers	Rأ©union d'officiers	0	1896	\N	\N	Documentary,Short
tt0000116	short	Sac au dos	Sac au dos	0	1896	\N	\N	Short
tt0000117	short	Saأ­da do Pessoal Operأ،rio da Fأ،brica Confianأ§a	Saأ­da do Pessoal Operأ،rio da Fأ،brica Confianأ§a	0	1896	\N	1	Documentary,Short
tt0000118	short	Salut malencontreux d'un dأ©serteur	Salut malencontreux d'un dأ©serteur	0	1896	\N	\N	Short
tt0000119	short	Rescue on the River, Pt. 2	Sauvetage en riviأ¨re, 1er	0	1896	\N	\N	Documentary,Short
tt0000120	short	Rescue on the River, Pt. 1	Sauvetage en riviأ¨re, 2e	0	1896	\N	\N	Documentary,Short
tt0000121	short	The Soldier's Courtship	The Soldier's Courtship	0	1896	\N	1	Comedy,Short
tt0000122	short	Closing Hours at Vibert's Perfume Factory	Sortie des ateliers Vibert	0	1896	\N	\N	Documentary,Short
tt0000123	short	Conjuring	Sأ©ance de prestidigitation	0	1896	\N	\N	Short
tt0000124	short	Tempأھte sur la jetأ©e du treport	Tempأھte sur la jetأ©e du treport	0	1896	\N	\N	Documentary,Short
tt0000125	short	The Terrible Railway Accident	The Terrible Railway Accident	0	1896	\N	\N	Short
tt0000126	short	Tom Old Boot	Tom Old Boot	0	1896	\N	\N	Short
tt0000127	short	Les tribulations d'un concierge	Les tribulations d'un concierge	0	1896	\N	\N	Comedy,Short
tt0000128	short	Academy for Young Ladies	Un lycأ©e de jeunes filles	0	1896	\N	\N	Short
tt0000129	short	Un petit diable	Un petit diable	0	1896	\N	\N	Short
tt0000130	short	Une altercation au cafأ©	Une altercation au cafأ©	0	1896	\N	\N	Short
tt0000131	short	A Terrible Night	Une nuit terrible	0	1896	\N	1	Comedy,Horror,Short
tt0000132	short	Card Party	Une partie de cartes	0	1896	\N	1	Biography,Short
tt0000133	short	La voiture du potier	La voiture du potier	0	1896	\N	\N	Short
tt0000134	short	The Wandering Negro Minstrels	The Wandering Negro Minstrels	0	1896	\N	\N	Music,Short
tt0000135	short	A Watermelon Feast	A Watermelon Feast	0	1896	\N	\N	Documentary,Short
tt0000137	short	Au rأ©fectoire	Au rأ©fectoire	0	1897	\N	\N	Comedy,Short
tt0000138	short	The Bewitched Inn	L'auberge ensorcelأ©e	0	1897	\N	2	Comedy,Horror,Short
tt0000139	short	L'aveugle	L'aveugle	0	1897	\N	\N	Short
tt0000140	short	Baignade dans le torrent	Baignade dans le torrent	0	1897	\N	1	Short
tt0000141	short	Ballet libella	Ballet libella	0	1897	\N	2	Documentary,Short
tt0000142	short	Buffalo Bill and Escort	Buffalo Bill and Escort	0	1897	\N	\N	News,Short
tt0000143	short	Les cambrioleurs	Les cambrioleurs	0	1897	\N	1	Comedy,Short
tt0000144	short	Chez le magnأ©tiseur	Chez le magnأ©tiseur	0	1897	\N	1	Comedy,Short
tt0000145	short	En classe	En classe	0	1897	\N	\N	Comedy,Short
tt0000146	short	Le cocher de fiacre endormi	Le cocher de fiacre endormi	0	1897	\N	\N	Comedy,Short
tt0000147	short	The Corbett-Fitzsimmons Fight	The Corbett-Fitzsimmons Fight	0	1897	\N	20	Documentary,News,Short
tt0000148	short	Le Coucher d'Yvette	Le Coucher d'Yvette	0	1897	\N	\N	Short
tt0000149	short	Behind the Scenes	Dans les coulisses	0	1897	\N	\N	Comedy,Short
tt0000150	short	Danse fleur de lotus	Danse fleur de lotus	0	1897	\N	1	Documentary,Short
tt0000151	short	Faust et Marguerite	Faust et Marguerite	0	1897	\N	\N	Short
tt0000152	short	The Hallucinated Alchemist	L'hallucination de l'alchimiste	0	1897	\N	2	Fantasy,Horror,Short
tt0000153	short	The Haunted Castle	The Haunted Castle	0	1897	\N	1	Horror,Short
tt0000154	short	Henley Regatta	Henley Regatta	0	1897	\N	\N	News,Short,Sport
tt0000155	short	The Hypnotist at Work	Le magnأ©tiseur	0	1897	\N	\N	Short
tt0000156	short	A Badly Managed Hotel	L'hأ´tel empoisonnأ©	0	1896	\N	\N	Comedy,Short
tt0000157	short	Idylle	Idylle	0	1897	\N	\N	Short
tt0000158	short	Idylle interrompue	Idylle interrompue	0	1897	\N	\N	Comedy,Short
tt0000159	short	The Devil's Laboratory	Le cabinet de Mأ©phistophأ©lأ¨s	0	1897	\N	1	Horror,Short
tt0000160	short	The Last Days of Pompeii	The Last Days of Pompeii	0	1900	\N	\N	Drama,Short
tt0000161	short	Leأ§on de danse	Leأ§on de danse	0	1897	\N	\N	Comedy,Short
tt0000162	short	Niagara Falls	Les chutes	0	1897	\N	1	Documentary,Short
tt0000163	short	Le planton du colonel	Le planton du colonel	0	1897	\N	\N	Comedy,Short
tt0000164	short	Le pأھcheur dans le torrent	Le pأھcheur dans le torrent	0	1897	\N	1	Comedy,Short
tt0000165	short	Riأ±a en un cafأ©	Riأ±a en un cafأ©	0	1897	\N	1	Short
tt0000166	short	Salida de los trabajadores de la fأ،brica Espaأ±a Industrial	Salida de los trabajadores de la fأ،brica Espaأ±a Industrial	0	1897	\N	1	Documentary,Short
tt0000167	short	Salida de misa de doce del Pilar de Zaragoza	Salida de misa de doce del Pilar de Zaragoza	0	1897	\N	\N	Documentary,Short
tt0000168	short	Salida del pأ؛blico de la iglesia parroquial de Santa Marأ­a de Sans	Salida del pأ؛blico de la iglesia parroquial de Santa Marأ­a de Sans	0	1897	\N	1	Documentary,Short
tt0000169	short	Slagsmأ¥l i gamla Stockholm	Slagsmأ¥l i gamla Stockholm	0	1897	\N	1	Short
tt0000170	short	The Twins' Tea Party	The Twins' Tea Party	0	1896	\N	1	Comedy,Short
tt0000171	short	Une nuit agitأ©e	Une nuit agitأ©e	0	1897	\N	\N	Comedy,Short
tt0000172	short	The X-Ray Fiend	The X-Ray Fiend	0	1897	\N	1	Comedy,Horror,Short
tt0000173	short	Battle of Santiago Bay	Battle of Santiago Bay	0	1898	\N	\N	Short,War
tt0000174	short	Vأ½stavnأ­ pأ،rkar a lepic plakأ،tأ¹	Vأ½stavnأ­ pأ،rkar a lepic plakأ،tأ¹	0	1898	\N	1	Comedy,Short
tt0000175	short	A Sea Cave Near Lisbon	A Sea Cave Near Lisbon	0	1896	\N	1	Documentary,Short
tt0000176	short	Brittania	Brittania	0	1898	\N	\N	Short
tt0000177	short	The Burglar on the Roof	The Burglar on the Roof	0	1898	\N	1	Crime,Short
tt0000178	short	The Cavalier's Dream	The Cavalier's Dream	0	1898	\N	1	Horror,Short
tt0000179	short	The Cave of the Demons	La caverne maudite	0	1898	\N	\N	Horror,Short
tt0000180	short	Le chemin de croix	Le chemin de croix	0	1898	\N	\N	Short
tt0000181	short	Cinderella	Cinderella	0	1898	\N	\N	Fantasy,Short
tt0000182	short	Come Along, Do!	Come Along, Do!	0	1898	\N	1	Comedy,Short
tt0000183	short	The Corsican Brothers	The Corsican Brothers	0	1898	\N	\N	Drama,Short
tt0000184	short	Cripple Creek Bar-Room Scene	Cripple Creek Bar-Room Scene	0	1899	\N	1	Short,Western
tt0000185	short	La crأ¨che أ  Bethlأ©em	La crأ¨che أ  Bethlأ©em	0	1898	\N	\N	Short
tt0000186	short	Le cuirassأ© Maine	Le cuirassأ© Maine	0	1898	\N	\N	Short,War
tt0000187	short	La cأ¨ne	La cأ¨ne	0	1898	\N	1	Short
tt0000188	short	The Deserter	The Deserter	0	1898	\N	\N	Drama,Short
tt0000189	short	Dorotea	Dorotea	0	1898	\N	\N	Short
tt0000190	short	Dostavenأ­cko ve mlأ½nici	Dostavenأ­cko ve mlأ½nici	0	1898	\N	1	Comedy,Short
tt0000191	short	Dأ©mأ©nagement أ  la cloche de bois	Dأ©mأ©nagement أ  la cloche de bois	0	1898	\N	\N	Short
tt0000192	short	Ella Lola, a la Trilby	Ella Lola, a la Trilby	0	1898	\N	\N	Short
tt0000193	short	L'entrأ©e أ  Jأ©rusalem	L'entrأ©e أ  Jأ©rusalem	0	1898	\N	\N	Short
tt0000194	short	Express Train on a Railway Cutting	Express Train on a Railway Cutting	0	1898	\N	\N	Documentary,Short
tt0000195	short	Les farces de Jocko	Les farces de Jocko	0	1898	\N	\N	Comedy,Short
tt0000196	short	Faust and Mephistopheles	Faust and Mephistopheles	0	1898	\N	\N	Fantasy,Short
tt0000197	short	La flagellation	La flagellation	0	1898	\N	1	Short
tt0000198	short	La fuite en أ‰gypte	La fuite en أ‰gypte	0	1898	\N	1	Short
tt0000199	short	Glasgow Fire Engine	Glasgow Fire Engine	0	1898	\N	\N	Short
tt0000200	short	Gran corrida de toros	Gran corrida de toros	0	1898	\N	\N	Documentary,Short,Sport
tt0000201	short	Indian War Council	Indian War Council	0	1898	\N	\N	News,Short
tt0000202	short	Le jardin des oliviers	Le jardin des oliviers	0	1898	\N	\N	Short
tt0000203	short	Je vous y prrrrends!	Je vous y prrrrends!	0	1898	\N	\N	Short
tt0000204	short	Jأ©sus devant Pilate	Jأ©sus devant Pilate	0	1898	\N	\N	Short
tt0000205	short	Leأ§ons de boxe	Leأ§ons de boxe	0	1898	\N	1	Comedy,Short,Sport
tt0000206	short	Llegada de un tren a la estaciأ³n de ferrocarril del Norte, de Barcelona	Llegada de un tren a la estaciأ³n de ferrocarril del Norte, de Barcelona	0	1898	\N	\N	Documentary,Short
tt0000207	short	London Express	London Express	0	1898	\N	\N	Documentary,Short
tt0000208	short	The Miller and Chimney Sweep	The Miller and the Sweep	0	1897	\N	1	Comedy,Short
tt0000209	short	Photographing a Ghost	Photographing a Ghost	0	1898	\N	\N	Horror,Short
tt0000210	short	A Novice at X-rays	Les rayons Rأ¶ntgen	0	1898	\N	1	Short
tt0000211	short	A Trip to the Moon	La lune أ  un mأ¨tre	0	1898	\N	3	Comedy,Fantasy,Horror
tt0000212	short	Saida do Paquete Duque de Braganca	Saida do Paquete Duque de Braganca	0	1898	\N	\N	Short
tt0000213	short	Scأ¨ne d'escamotage	Scأ¨ne d'escamotage	0	1898	\N	1	Short
tt0000214	short	Tearing Down the Spanish Flag	Tearing Down the Spanish Flag	0	1898	\N	\N	Short,War
tt0000215	short	Smأ­ch a plأ،c	Smأ­ch a plأ،c	0	1898	\N	\N	Documentary,Short
tt0000216	short	Visita de Doأ±a Marأ­a Cristina y Alfonso XIII a Barcelona	Visita de Doأ±a Marأ­a Cristina y Alfonso XIII a Barcelona	0	1898	\N	\N	News,Short
tt0000217	short	Waves and Spray	Waves and Spray	0	1898	\N	\N	Short
tt0000218	short	L'affaire Dreyfus	L'affaire Dreyfus	0	1899	\N	13	Biography,Drama,Short
tt0000219	short	Aladdin and the Wonderful Lamp	Aladdin and the Wonderful Lamp	0	1899	\N	\N	Fantasy,Short
tt0000220	short	The Artist and the Flower Girl	The Artist and the Flower Girl	0	1901	\N	\N	Romance,Short
tt0000221	short	Aspectos da Praia de Cascais	Aspectos da Praia de Cascais	0	1899	\N	\N	Documentary,Short
tt0000222	short	Au cabaret	Au cabaret	0	1899	\N	1	Comedy,Short
tt0000223	short	L'aveugle	L'aveugle	0	1899	\N	\N	Short
tt0000224	short	Battlefield	Battlefield	0	1899	\N	\N	Short
tt0000225	short	Beauty and the Beast	La belle et la bأھte	0	1899	\N	\N	Family,Fantasy,Romance
tt0000226	short	Boat Race	Boat Race	0	1899	\N	\N	Short
tt0000227	short	Bombardment of Mafeking	Bombardment of Mafeking	0	1899	\N	\N	Drama,Short,War
tt0000228	short	La bonne absinthe	La bonne absinthe	0	1899	\N	1	Short
tt0000229	short	Casey at the Bat	Casey at the Bat	0	1899	\N	1	Short,Sport
tt0000230	short	Cinderella	Cendrillon	0	1899	\N	6	Drama,Family,Fantasy
tt0000231	short	Portuguese Railway Train	Portuguese Railway Train	0	1896	\N	1	Documentary,Short
tt0000232	short	Le chiffonnier	Le chiffonnier	0	1899	\N	\N	Comedy,Short
tt0000233	short	Choque de dos transatlأ،nticos	Choque de dos transatlأ،nticos	0	1899	\N	2	Animation,Short
tt0000234	short	Cleopatra's Tomb	Clأ©opأ¢tre	0	1899	\N	1	Horror,Short
tt0000235	short	Haggard's She: The Pillar of Fire	La colonne de feu	0	1899	\N	1	Adventure,Fantasy,Horror
tt0000236	short	Courte أ©chelle	Courte أ©chelle	0	1899	\N	\N	Short
tt0000237	short	Le crucifiement	Le crucifiement	0	1899	\N	\N	Short
tt0000238	short	Les dangers de l'alcoolisme	Les dangers de l'alcoolisme	0	1899	\N	\N	Drama,Short
tt0000239	short	Danse serpentine par Mme. Bob Walter	Danse serpentine par Mme. Bob Walter	0	1899	\N	2	Short
tt0000240	short	Distributing a War Extra	Distributing a War Extra	0	1899	\N	1	Documentary,Short
tt0000241	short	La descente de croix	La descente de croix	0	1899	\N	\N	Short
tt0000242	short	The Sign of the Cross	Le diable au couvent	0	1899	\N	3	Fantasy,Horror,Short
tt0000243	short	Le dأ©jeuner des enfants	Le dأ©jeuner des enfants	0	1899	\N	\N	Comedy,Short
tt0000244	short	Erreur judiciaire	Erreur judiciaire	0	1899	\N	\N	Short
tt0000245	short	The Haunted House	The Haunted House	0	1899	\N	\N	Comedy,Fantasy,Horror
tt0000246	short	A Turn of the Century Illusionist	L'impressionniste fin de siأ¨cle	0	1899	\N	1	Fantasy,Short
tt0000247	short	King John	King John	0	1899	\N	5	Drama,Short
tt0000248	short	A Kiss in the Tunnel	The Kiss in the Tunnel	0	1899	\N	1	Comedy,Romance,Short
tt0000249	short	The Legacy	The Legacy	0	1899	\N	\N	Short
tt0000250	short	Llegada del vapor Bellver a Mallorca	Llegada del vapor Bellver a Mallorca	0	1899	\N	3	Documentary,Short
tt0000251	short	Matches: An Appeal	Matches: An Appeal	0	1899	\N	\N	Animation,Short
tt0000252	short	La mauvaise soupe	La mauvaise soupe	0	1899	\N	\N	Comedy,Short
tt0000253	short	The Miser's Doom	The Miser's Doom	0	1899	\N	\N	Horror,Short
tt0000254	short	Monnaie de lapin	Monnaie de lapin	0	1899	\N	\N	Comedy,Short
tt0000255	short	Mأ©saventure d'un charbonnier	Mأ©saventure d'un charbonnier	0	1899	\N	\N	Comedy,Short
tt0000256	short	Panorama from the Tower of the Brooklyn Bridge	Panorama from the Tower of the Brooklyn Bridge	0	1899	\N	\N	Documentary,Short
tt0000257	short	La rأ©surrection	La rأ©surrection	0	1899	\N	\N	Short
tt0000258	short	Le tondeur de chiens	Le tondeur de chiens	0	1899	\N	\N	Comedy,Short
tt0000259	short	Le tonnelier	Le tonnelier	0	1899	\N	\N	Comedy,Short
tt0000260	short	Transformations	Transformations	0	1899	\N	\N	Comedy,Short
tt0000261	short	A Midnight Episode	Un bon lit	0	1899	\N	1	Comedy,Horror,Short
tt0000262	short	Un lunch	Un lunch	0	1899	\N	\N	Comedy,Short
tt0000263	short	Vista de la entrada principal de la plaza de toros de Jerez, el segundo dأ­a de feria	Vista de la entrada principal de la plaza de toros de Jerez, el segundo dأ­a de feria	0	1899	\N	\N	Documentary,Short
tt0000264	short	Summoning the Spirits	أ‰vocation spirite	0	1899	\N	1	Fantasy,Horror,Short
tt0000265	short	Above the Limit	Above the Limit	0	1900	\N	\N	Comedy,Short
tt0000266	short	Above the Speedway	Above the Speedway	0	1900	\N	\N	Documentary,Short
tt0000267	short	L'angأ©lus	L'angأ©lus	0	1900	\N	\N	Short
tt0000268	short	L'arlأ©quine	L'arlأ©quine	0	1900	\N	\N	Short
tt0000269	short	Army Life; or, How Soldiers Are Made: Mounted Infantry	Army Life	0	1900	\N	\N	Documentary,Short
tt0000270	short	Arrivأ©e d'Arlأ©quin	Arrivأ©e d'Arlأ©quin	0	1900	\N	\N	Short
tt0000271	short	Arrivأ©e de Pierette et Pierrot	Arrivأ©e de Pierette et Pierrot	0	1900	\N	\N	Short
tt0000272	short	As Seen Through a Telescope	As Seen Through a Telescope	0	1900	\N	1	Comedy,Short
tt0000273	short	Attack on a China Mission	Attack on a China Mission	0	1900	\N	4	Action,Crime,Drama
tt0000274	short	Avenue de l'opأ©ra	Avenue de l'opأ©ra	0	1900	\N	1	Comedy,Short
tt0000275	short	Badinage	Badinage	0	1900	\N	\N	Short
tt0000276	short	Bataille d'oreillers	Bataille d'oreillers	0	1900	\N	\N	Short
tt0000277	short	Bataille de boules de neige	Bataille de boules de neige	0	1900	\N	\N	Short
tt0000278	short	Buffalo Bill's Show Parade	Buffalo Bill's Show Parade	0	1900	\N	\N	Short
tt0000279	short	Buffalo Bill's Wild West Parade	Buffalo Bill's Wild West Parade	0	1900	\N	\N	News,Short
tt0000280	short	Buffalo Bill's Wild West Parade	Buffalo Bill's Wild West Parade	0	1900	\N	\N	News,Short
tt0000281	short	Buffalo Bill's Wild West Show	Buffalo Bill's Wild West Show	0	1900	\N	\N	News,Short
tt0000282	short	Le bأ©bأ©	Le bأ©bأ©	0	1900	\N	\N	Short
tt0000283	short	Chez le Marأ©chal-Ferrant	Chez le Marأ©chal-Ferrant	0	1900	\N	\N	Short
tt0000284	short	Chez le photographe	Chez le photographe	0	1900	\N	1	Short
tt0000285	short	Chinese Magic	Chinese Magic	0	1900	\N	\N	Horror,Short
tt0000286	short	Chirurgie fin de siأ¨cle	Chirurgie fin de siأ¨cle	0	1900	\N	2	Comedy,Short
tt0000287	short	The Clown and the Alchemist	The Clown and the Alchemist	0	1900	\N	\N	Comedy,Fantasy,Short
tt0000288	short	La concierge	La concierge	0	1900	\N	1	Comedy,Short
tt0000289	short	Coucher d'une Parisienne	Coucher d'une Parisienne	0	1900	\N	\N	Short
tt0000290	short	Dance de l'ivresse	Dance de l'ivresse	0	1900	\N	\N	Short
tt0000291	short	Dans les coulisses	Dans les coulisses	0	1900	\N	\N	Short
tt0000292	short	Danse du papillon	Danse du papillon	0	1900	\N	\N	Documentary,Short
tt0000293	short	Danse du pas des foulards par des almأ©es	Danse du pas des foulards par des almأ©es	0	1900	\N	\N	Short
tt0000294	short	La danse du ventre	La danse du ventre	0	1900	\N	\N	Short
tt0000295	short	Danse du voile	Danse du voile	0	1900	\N	\N	Short
tt0000296	short	Danse serpentine	Danse serpentine	0	1900	\N	2	Documentary,Short
tt0000297	short	Danses	Danses	0	1900	\N	\N	Short
tt0000298	short	Dأ©claration d'amour	Dأ©claration d'amour	0	1900	\N	\N	Short
tt0000299	short	Le dأ©part d'Arlequin et de Pierrette	Le dأ©part d'Arlequin et de Pierrette	0	1900	\N	2	Short
tt0000300	short	The Enchanted Drawing	The Enchanted Drawing	0	1900	\N	2	Animation,Comedy,Fantasy
tt0000301	short	Faust and Marguerite	Faust and Marguerite	0	1900	\N	1	Fantasy,Horror,Short
tt0000302	short	La fأ©e aux choux, ou la naissance des enfants	La fأ©e aux choux, ou la naissance des enfants	0	1900	\N	1	Short
tt0000303	short	Gavotte directoire	Gavotte directoire	0	1900	\N	\N	Short
tt0000304	short	Grandma's Reading Glass	Grandma's Reading Glass	0	1900	\N	2	Family,Short
tt0000305	short	L'Habanera	L'Habanera	0	1900	\N	\N	Short
tt0000306	short	Le duel d'Hamlet	Le duel d'Hamlet	0	1900	\N	2	Drama,Short
tt0000307	short	Happy Hooligan	Happy Hooligan	0	1900	\N	\N	Comedy,Short
tt0000308	short	The House That Jack Built	The House That Jack Built	0	1900	\N	1	Short
tt0000309	short	How It Feels to Be Run Over	How It Feels to Be Run Over	0	1900	\N	1	Comedy,Short
tt0000310	short	Chimmie Hicks and the Rum Omelet	Chimmie Hicks and the Rum Omelet	0	1900	\N	\N	Comedy,Short
tt0000312	short	Le lapin	Le lapin	0	1900	\N	\N	Short
tt0000313	short	Let Me Dream Again	Let Me Dream Again	0	1900	\N	1	Comedy,Short
tt0000314	short	Leأ§on de danse	Leأ§on de danse	0	1900	\N	\N	Short
tt0000315	short	Le marchand de coco	Le marchand de coco	0	1900	\N	\N	Short
tt0000316	short	Marchأ© أ  la volaille	Marchأ© أ  la volaille	0	1900	\N	\N	Short
tt0000317	short	Le matelot	Le matelot	0	1900	\N	\N	Short
tt0000318	short	Eine moderne Jungfrau von Orleans	Eine moderne Jungfrau von Orleans	0	1900	\N	\N	Short
tt0000319	short	Maple Leaf Viewing	Momijigari	0	1899	\N	6	Horror,Short
tt0000320	short	Mort d'Adonis	Mort d'Adonis	0	1900	\N	\N	Short
tt0000321	short	The Mystic Swing	The Mystic Swing	0	1900	\N	1	Fantasy,Short
tt0000322	short	Panorama de Barcelona: monumentos y fiestas	Panorama de Barcelona: monumentos y fiestas	0	1900	\N	6	Documentary,Short
tt0000323	short	Pas Japonais	Pas Japonais	0	1900	\N	\N	Short
tt0000324	short	Pas de grأ¢ce	Pas de grأ¢ce	0	1900	\N	\N	Short
tt0000325	short	Pas des أ©ventails	Pas des أ©ventails	0	1900	\N	\N	Short
tt0000326	short	Pas du poignard	Pas du poignard	0	1900	\N	\N	Short
tt0000327	short	La paysanne	La paysanne	0	1900	\N	\N	Short
tt0000328	short	La petite magicienne	La petite magicienne	0	1900	\N	1	Short
tt0000329	short	Le Polichinelle	Le Polichinelle	0	1900	\N	\N	Short
tt0000330	short	La poupأ©e noire	La poupأ©e noire	0	1900	\N	\N	Short
tt0000331	short	La reine des jouets	La reine des jouets	0	1900	\N	\N	Short
tt0000332	short	Retour des champs	Retour des champs	0	1900	\N	2	Documentary,Short
tt0000333	short	Le sang d'Adonis donnant naissance أ  la rose rouge	Le sang d'Adonis donnant naissance أ  la rose rouge	0	1900	\N	\N	Short
tt0000334	short	Saut humidifiأ© de M. Plick	Saut humidifiأ© de M. Plick	0	1900	\N	\N	Comedy,Short
tt0000335	short	Soldiers of the Cross	Soldiers of the Cross	0	1900	\N	40	Biography,Drama,Short
tt0000336	short	La source	La source	0	1900	\N	\N	Short
tt0000337	short	Spanish Bullfight	Spanish Bullfight	0	1900	\N	1	Short,Sport
tt0000338	short	Suite de la danse	Suite de la danse	0	1900	\N	\N	Short
tt0000339	short	La tarentelle	La tarentelle	0	1900	\N	\N	Short
tt0000340	short	Uncle Josh in a Spooky Hotel	Uncle Josh in a Spooky Hotel	0	1900	\N	1	Comedy,Fantasy,Short
tt0000341	short	Uncle Josh's Nightmare	Uncle Josh's Nightmare	0	1900	\N	2	Comedy,Fantasy,Short
tt0000342	short	Une rage de dents	Une rage de dents	0	1900	\N	\N	Comedy,Short
tt0000343	short	Valse directoire	Valse directoire	0	1900	\N	\N	Short
tt0000344	short	Valse lente	Valse lente	0	1900	\N	\N	Short
tt0000345	short	L'أ©cossaise	L'أ©cossaise	0	1900	\N	\N	Short
tt0000346	short	Another Job for the Undertaker	Another Job for the Undertaker	0	1901	\N	2	Comedy,Short
tt0000347	short	Buffalo Bill's Wild West Parade	Buffalo Bill's Wild West Parade	0	1901	\N	2	Documentary,News,Short
tt0000348	short	Charmant froufrou	Charmant froufrou	0	1901	\N	\N	Short
tt0000349	short	What Came Out of the Cheese; or, The Lilliputians in a New York Restaurant	The Cheese Mites, or Lilliputians in a London Restaurant	0	1901	\N	1	Comedy,Short
tt0000350	short	The Countryman's First Sight of the Animated Pictures	The Countryman and the Cinematograph	0	1901	\N	1	Comedy,Short
tt0000351	short	Danses basques	Danses basques	0	1901	\N	\N	Short
tt0000352	short	Day at the Circus	Day at the Circus	0	1901	\N	\N	Documentary,Short
tt0000353	short	Execution of Czolgosz with Panorama of Auburn Prison	Execution of Czolgosz with Panorama of Auburn Prison	0	1901	\N	4	Drama,History,Short
tt0000354	short	Exercأ­cio de Artilharia no Hipأ³dromo de Belأ©m	Exercأ­cio de Artilharia no Hipأ³dromo de Belأ©m	0	1901	\N	\N	Documentary,Short
tt0000355	short	Fire!	Fire!	0	1901	\N	5	Action,Drama,Short
tt0000356	short	Frivolitأ©	Frivolitأ©	0	1901	\N	\N	Short
tt0000357	short	The Haunted Curiosity Shop	The Haunted Curiosity Shop	0	1901	\N	2	Comedy,Fantasy,Horror
tt0000358	short	History of a Crime	Histoire d'un crime	0	1901	\N	5	Crime,Drama,Short
tt0000359	short	The India Rubber Head	L'homme أ  la tأھte en caoutchouc	0	1901	\N	3	Comedy,Fantasy,Short
tt0000360	short	Hussards et grisettes	Hussards et grisettes	0	1901	\N	\N	Short
tt0000361	short	Lavatory moderne	Lavatory moderne	0	1901	\N	\N	Short
tt0000362	short	Lecture quotidienne	Lecture quotidienne	0	1901	\N	\N	Short
tt0000363	short	Magical Sword	The Magic Sword	0	1901	\N	2	Fantasy,Romance,Short
tt0000364	short	Panorama of Esplanade by Night	Panorama of Esplanade by Night	0	1901	\N	1	Documentary,Short
tt0000365	short	Parada de Bombeiros	Parada de Bombeiros	0	1901	\N	\N	Documentary,Short
tt0000366	short	Uma Parada dos Alunos da Casa Pia de Lisboa	Uma Parada dos Alunos da Casa Pia de Lisboa	0	1901	\N	\N	Documentary,Short
tt0000367	short	Pas de colombine	Pas de colombine	0	1901	\N	\N	Short
tt0000368	short	Little Red Riding Hood	Le petit chaperon rouge	0	1901	\N	\N	Fantasy,Short
tt0000369	short	A Road for Children's Bicycles in Barcelona	Pista de bicicletas para niأ±os en Barcelona	0	1901	\N	3	Documentary,Short
tt0000370	short	Scrooge; or Marley's Ghost	Scrooge; or Marley's Ghost	0	1901	\N	6	Drama,Fantasy,Horror
tt0000371	short	Scأ¨ne d'amour	Scأ¨ne d'amour	0	1901	\N	\N	Short
tt0000372	short	Scأ¨ne d'ivresse	Scأ¨ne d'ivresse	0	1901	\N	\N	Short
tt0000373	short	The Devil's Seven Castles	Les sept chأ¢teaux du diable	0	1904	\N	11	Drama,Horror,Short
tt0000374	short	Tel est pris qui croyait prendre	Tel est pris qui croyait prendre	0	1901	\N	\N	Short
tt0000375	short	Uma Tourada أ  Antiga Portuguesa	Uma Tourada أ  Antiga Portuguesa	0	1901	\N	\N	Documentary,Short
tt0000376	short	A tأ،ncz	A tأ،ncz	0	1901	\N	\N	Documentary,Short
tt0000377	short	Undressing Extraordinary	Undressing Extraordinary	0	1901	\N	3	Comedy,Fantasy,Short
tt0000378	short	Les vagues	Les vagues	0	1901	\N	\N	Short
tt0000379	short	Visita de la escuadra inglesa a Barcelona	Visita de la escuadra inglesa a Barcelona	0	1901	\N	6	Documentary,Short
tt0000380	short	Sleeping Beauty	La belle au bois dormant	0	1903	\N	\N	Drama,Fantasy,Short
tt0000381	short	Buffalo Bill's Wild West Show	Buffalo Bill's Wild West Show	0	1902	\N	\N	News,Short
tt0000382	short	Carnaval en las ramblas	Carnaval en las ramblas	0	1902	\N	9	Documentary,Short
tt0000383	short	Carreras de caballos en el hipأ³dromo de Barcelona	Carreras de caballos en el hipأ³dromo de Barcelona	0	1902	\N	6	Documentary,Short
tt0000384	short	Les chiens savants	Les chiens savants	0	1902	\N	3	Documentary,Short
tt0000385	short	Les clowns	Les clowns	0	1902	\N	\N	Comedy,Short
tt0000386	short	La cour des miracles	La cour des miracles	0	1902	\N	\N	Comedy,Short
tt0000387	short	The Coronation of King Edward VII	The Coronation of Edward VII	0	1902	\N	4	History,Short
tt0000388	short	Danse excentrique	Danse excentrique	0	1902	\N	2	Short
tt0000389	short	Danse fantaisiste	Danse fantaisiste	0	1902	\N	\N	Short
tt0000390	short	Danse mauresque	Danse mauresque	0	1902	\N	\N	Short
tt0000391	short	La dent rأ©calcitrante	La dent rأ©calcitrante	0	1902	\N	\N	Comedy,Short
tt0000392	short	The Enchanted Cup	The Enchanted Cup	0	1903	\N	\N	Fantasy,Short
tt0000393	short	En faction	En faction	0	1902	\N	\N	Comedy,Short
tt0000394	short	Farces de cuisiniأ¨re	Farces de cuisiniأ¨re	0	1902	\N	\N	Comedy,Short
tt0000395	short	La fiole enchantأ©e	La fiole enchantأ©e	0	1902	\N	\N	Short
tt0000396	short	Fruits de saison	Fruits de saison	0	1902	\N	\N	Short
tt0000397	short	La gavotte	La gavotte	0	1902	\N	\N	Short
tt0000398	short	La gigue	La gigue	0	1902	\N	\N	Short
tt0000399	short	Jack and the Beanstalk	Jack and the Beanstalk	0	1902	\N	10	Fantasy,Short
tt0000400	short	Le lion savant	Le lion savant	0	1902	\N	\N	Comedy,Short
tt0000401	short	Le marchand de ballons	Le marchand de ballons	0	1902	\N	\N	Comedy,Short
tt0000402	short	Mother Goose Nursery Rhymes	Mother Goose Nursery Rhymes	0	1902	\N	\N	Comedy,Short
tt0000403	short	Le pommier	Le pommier	0	1902	\N	\N	Short
tt0000404	short	Pour secouer la salade	Pour secouer la salade	0	1902	\N	\N	Short
tt0000405	short	La premiأ¨re gamelle	La premiأ¨re gamelle	0	1902	\N	\N	Comedy,Short
tt0000406	short	The Prince of Darkness	The Prince of Darkness	0	1900	\N	\N	Horror,Short
tt0000407	short	Procesiأ³n de las hijas de Marأ­a de la parroquia de Sans	Procesiأ³n de las hijas de Marأ­a de la parroquia de Sans	0	1902	\N	\N	Documentary,Short
tt0000408	short	Quadrille rأ©aliste	Quadrille rأ©aliste	0	1902	\N	\N	Short
tt0000409	short	Midwife to the Upper Classes	Sage-femme de premiأ¨re classe	0	1902	\N	4	Comedy,Short
tt0000410	short	Demolishing and Building Up the Star Theatre	Demolishing and Building Up the Star Theatre	0	1901	\N	2	Documentary,Short
tt0000411	short	Trompأ© mais content	Trompأ© mais content	0	1902	\N	\N	Comedy,Short
tt0000412	short	The Troublesome Fly	The Troublesome Fly	0	1900	\N	\N	Comedy,Horror,Short
